{
  "Acre":{
    "Acre":1,
    "Barn":40468564223999999115324246982656,
    "Hectare":0.4047,
    "Are":40.4686,
    "Symbol":"(ac)",
    "value":"Acre"
  },
  "Barn":{
    "Acre":0.000000000000000000000000000000024711,
    "Barn":1,
    "Hectare":0.00000000000000000000000000000001,
    "Are":0.000000000000000000000000000001,
    "Symbol":"(b)",
    "value":"Barn"
  },
  "Hectare":{
    "Acre":2.4711,
    "Barn":99999999999999987351763694911488,
    "Hectare":1,
    "Are":100,
    "Symbol":"(ha)",
    "value":"Hectare"
  },
  "Are":{
    "Acre":0.0247,
    "Barn":100000000000000000000000000000,
    "Hectare":0.01,
    "Are":1,
    "Symbol":"(a)",
    "value":"Are"
  }

}
