{
  "Century":{
    "Century":1,
    "Day":36500,
    "Decade":10,
    "Hour":876000,
    "Leap Year":99.7268,
    "Microsecond":3153600000000000,
    "Millisecond":3153600000000,
    "Minute":52560000,
    "Month":1200,
    "Nanosecond":3153600000000000000,
    "Symbol":"(Century)",
    "value":"Century"
  },
  "Day":{
    "Century":0.00002739,
    "Day":1,
    "Decade":0.0002739,
    "Hour":24,
    "Leap Year":0.0027,
    "Microsecond":86400000000,
    "Millisecond":86400000,
    "Minute":1440,
    "Month":0.0329,
    "Nanosecond":86400000000000,
    "Symbol":"(d)",
    "value":"Day"
  },
  "Decade":{
    "Century":0.1,
    "Day":3650,
    "Decade":1,
    "Hour":87600,
    "Leap Year":9.9727,
    "Microsecond":315360000000000,
    "Millisecond":315360000000,
    "Minute":5256000,
    "Month":120,
    "Nanosecond":31536000000000000000000,
    "Symbol":"(Decade)",
    "value":"Decade"
  },
  "Hour":{
    "Century":0.0000011416,
    "Day":0.0417,
    "Decade":0.000011416,
    "Hour":1,
    "Leap Year":0.0001138,
    "Microsecond":3600000000,
    "Millisecond":3600000,
    "Minute":60,
    "Month":0.0014,
    "Nanosecond":3600000000000,
    "Symbol":"(hr)",
    "value":"Hour"
  },
  "Leap Year":{
    "Century":0.01,
    "Day":366,
    "Decade":0.1003,
    "Hour":8784,
    "Leap Year":1,
    "Microsecond":31622400000000,
    "Millisecond":31622400000,
    "Minute":527040,
    "Month":12.0329,
    "Nanosecond":31622400000000000,
    "Symbol":"(yr{leap})",
    "value":"Leap Year"
  },
  "Microsecond":{
    "Century":0.00000000000000031710,
    "Day":0.000000000011574,
    "Decade":0.0000000000000031710,
    "Hour":0.00000000027778,
    "Leap Year":0.000000000000031623,
    "Microsecond":1,
    "Millisecond":0.001,
    "Minute":0.000000016667,
    "Month":0.00000000000038052,
    "Nanosecond":1000,
    "Symbol":"(µs)",
    "value":"Microsecond"
  },
  "Millisecond":{
    "Century":0.0000000000003171,
    "Day":0.00000001157,
    "Decade":0.0000000000031710,
    "Hour":0.0000002777,
    "Leap Year":0.000000000031623,
    "Microsecond":1000,
    "Millisecond":1,
    "Minute":0.00001666,
    "Month":0.00000000038052,
    "Nanosecond":1000000,
    "Symbol":"(ms)",
    "value":"Millisecond"
  },
  "Minute":{
    "Century":0.000000019026,
    "Day":0.00069444,
    "Decade":0.00000019026,
    "Hour":60,
    "Leap Year":0.000001897,
    "Microsecond":60000000,
    "Millisecond":60000,
    "Minute":1,
    "Month":0.000022831,
    "Nanosecond":60000000000,
    "Symbol":"(min)",
    "value":"Minute"
  },
  "Month":{
    "Century":0.00083333,
    "Day":30.4167,
    "Decade":0.0083,
    "Hour":730,
    "Leap Year":0.0831,
    "Microsecond":2628000000000,
    "Millisecond":2628000000,
    "Minute":43800,
    "Month":1,
    "Nanosecond":2628000000000000,
    "Symbol":"(mo)",
    "value":"Month"
  },
  "Nanosecond":{
    "Century":0.0000000000000000031710,
    "Day":0.000000000000011574,
    "Decade":0.0000000000000000031710,
    "Hour":0.00000000000027778,
    "Leap Year":0.000000000000000031623,
    "Microsecond":0.001,
    "Millisecond":1,
    "Minute":0.000000000016667,
    "Month":0.00000000000000038052,
    "Nanosecond":1,
    "Symbol":"(ns)",
    "value":"Nanosecond"
  }

}
